variable,count,mean,std,min,25%,50%,75%,max,original
dummy1,1000.0,-0.000290518247768794,0.010660060159304216,-0.0305908451175866,-0.00755920586499935,-0.0005292194540053501,0.0071525620677319,0.0329252873767789,1.7684937169804016e-05
dummy2,1000.0,-0.00012590606119052355,0.010434206747231795,-0.0311611178571311,-0.007280929669431775,-0.0005933611840198501,0.006782869319976675,0.033475558784012,-0.0094674694758936
x1,1000.0,-0.12638370198336904,3.0521166877697636,-9.355668470248872,-2.038131570323104,-0.0615814313510389,1.7767170053410184,28.205642529004667,28.205642529004667
x2,1000.0,-0.15100566262151516,8.169072526876038,-22.58809555598228,-5.809596911339969,-0.11655487112052751,5.12067506723622,75.04939287515815,75.04939287515815
x3,1000.0,0.019302429835083807,1.8937668252973077,-5.916123887421996,-1.2671780466605642,0.07284549549403425,1.2139022457371427,17.752848990014854,17.752848990014854
